INSERT INTO `device` (`device_id`,`analog`,`curr_value`,`current_status_code`,`current_status_title`,`device_name`,`high_bound`,`high_critical_point`,`in_deadband`,`low_critical_point`,`lower_bound`,`signal_name`,`tts`,`unit_type`) VALUES (1,'0',0,0,'정상','(128KV) 함선보호',100,80,'0',20,0,'ABC1234$1','0',NULL);
INSERT INTO `device` (`device_id`,`analog`,`curr_value`,`current_status_code`,`current_status_title`,`device_name`,`high_bound`,`high_critical_point`,`in_deadband`,`low_critical_point`,`lower_bound`,`signal_name`,`tts`,`unit_type`) VALUES (2,'0',0,0,'열림','3상 전류 LEGENO 통지반',100,80,'0',20,0,'HRDP3332$AT$1','0',NULL);
INSERT INTO `device` (`device_id`,`analog`,`curr_value`,`current_status_code`,`current_status_title`,`device_name`,`high_bound`,`high_critical_point`,`in_deadband`,`low_critical_point`,`lower_bound`,`signal_name`,`tts`,`unit_type`) VALUES (3,'0',0,0,'ON','고장 주파수 발생',100,80,'0',20,0,'PPAP$1','0',NULL);
INSERT INTO `device` (`device_id`,`analog`,`curr_value`,`current_status_code`,`current_status_title`,`device_name`,`high_bound`,`high_critical_point`,`in_deadband`,`low_critical_point`,`lower_bound`,`signal_name`,`tts`,`unit_type`) VALUES (4,'0',0,0,'잠김','2MTR NARUTO SASUKE',100,80,'0',20,0,'RD24A$1','1',NULL);
INSERT INTO `device` (`device_id`,`analog`,`curr_value`,`current_status_code`,`current_status_title`,`device_name`,`high_bound`,`high_critical_point`,`in_deadband`,`low_critical_point`,`lower_bound`,`signal_name`,`tts`,`unit_type`) VALUES (5,'0',0,0,'정상','(128KV) 함선보호',100,80,'0',20,0,'ABC1234$2','1',NULL);
INSERT INTO `device` (`device_id`,`analog`,`curr_value`,`current_status_code`,`current_status_title`,`device_name`,`high_bound`,`high_critical_point`,`in_deadband`,`low_critical_point`,`lower_bound`,`signal_name`,`tts`,`unit_type`) VALUES (6,'0',0,0,'정상','(128KV) 함선보호',100,80,'0',20,0,'ABC1234$3','1',NULL);
INSERT INTO `device` (`device_id`,`analog`,`curr_value`,`current_status_code`,`current_status_title`,`device_name`,`high_bound`,`high_critical_point`,`in_deadband`,`low_critical_point`,`lower_bound`,`signal_name`,`tts`,`unit_type`) VALUES (7,'0',0,0,'열림','3상 전류 LEGENO 통지반',100,80,'0',20,0,'HRDP3332$AT$2','1',NULL);
INSERT INTO `device` (`device_id`,`analog`,`curr_value`,`current_status_code`,`current_status_title`,`device_name`,`high_bound`,`high_critical_point`,`in_deadband`,`low_critical_point`,`lower_bound`,`signal_name`,`tts`,`unit_type`) VALUES (8,'1',0,0,NULL,'2상 계통 POT BINGSU',100,80,'0',20,0,'NCK2018$1','1',2);
INSERT INTO `device` (`device_id`,`analog`,`curr_value`,`current_status_code`,`current_status_title`,`device_name`,`high_bound`,`high_critical_point`,`in_deadband`,`low_critical_point`,`lower_bound`,`signal_name`,`tts`,`unit_type`) VALUES (9,'1',0,0,NULL,'2상 계통 POT BINGSU',100,80,'0',20,0,'NCK2018$2','1',2);
INSERT INTO `device` (`device_id`,`analog`,`curr_value`,`current_status_code`,`current_status_title`,`device_name`,`high_bound`,`high_critical_point`,`in_deadband`,`low_critical_point`,`lower_bound`,`signal_name`,`tts`,`unit_type`) VALUES (10,'1',0,0,NULL,'2상 계통 POT BINGSU',100,80,'0',20,0,'NCK2018$3','1',2);
INSERT INTO `device` (`device_id`,`analog`,`curr_value`,`current_status_code`,`current_status_title`,`device_name`,`high_bound`,`high_critical_point`,`in_deadband`,`low_critical_point`,`lower_bound`,`signal_name`,`tts`,`unit_type`) VALUES (11,'1',0,0,NULL,'2상 계통 POT BINGSU',100,80,'0',20,0,'NCK2018$4','1',2);
INSERT INTO `device` (`device_id`,`analog`,`curr_value`,`current_status_code`,`current_status_title`,`device_name`,`high_bound`,`high_critical_point`,`in_deadband`,`low_critical_point`,`lower_bound`,`signal_name`,`tts`,`unit_type`) VALUES (12,'1',0,0,NULL,'2상 계통 POT BINGSU',100,80,'0',20,0,'NCK2018$5','1',2);
INSERT INTO `device` (`device_id`,`analog`,`curr_value`,`current_status_code`,`current_status_title`,`device_name`,`high_bound`,`high_critical_point`,`in_deadband`,`low_critical_point`,`lower_bound`,`signal_name`,`tts`,`unit_type`) VALUES (13,'1',0,0,NULL,'2상 계통 POT BINGSU',100,80,'0',20,0,'NCK2018$6','1',2);
INSERT INTO `device` (`device_id`,`analog`,`curr_value`,`current_status_code`,`current_status_title`,`device_name`,`high_bound`,`high_critical_point`,`in_deadband`,`low_critical_point`,`lower_bound`,`signal_name`,`tts`,`unit_type`) VALUES (14,'1',0,0,NULL,'2상 계통 POT BINGSU',100,80,'0',20,0,'NCK2018$7','1',2);
INSERT INTO `device` (`device_id`,`analog`,`curr_value`,`current_status_code`,`current_status_title`,`device_name`,`high_bound`,`high_critical_point`,`in_deadband`,`low_critical_point`,`lower_bound`,`signal_name`,`tts`,`unit_type`) VALUES (15,'1',0,0,NULL,'2상 계통 POT BINGSU',100,80,'0',20,0,'NCK2018$8','1',2);
INSERT INTO `device` (`device_id`,`analog`,`curr_value`,`current_status_code`,`current_status_title`,`device_name`,`high_bound`,`high_critical_point`,`in_deadband`,`low_critical_point`,`lower_bound`,`signal_name`,`tts`,`unit_type`) VALUES (16,'1',0,0,NULL,'2상 계통 POT BINGSU',100,80,'0',20,0,'NCK2018$9','1',2);
INSERT INTO `device` (`device_id`,`analog`,`curr_value`,`current_status_code`,`current_status_title`,`device_name`,`high_bound`,`high_critical_point`,`in_deadband`,`low_critical_point`,`lower_bound`,`signal_name`,`tts`,`unit_type`) VALUES (17,'1',0,0,NULL,'2상 계통 POT BINGSU',100,80,'0',20,0,'NCK2018$10','1',2);
INSERT INTO `device` (`device_id`,`analog`,`curr_value`,`current_status_code`,`current_status_title`,`device_name`,`high_bound`,`high_critical_point`,`in_deadband`,`low_critical_point`,`lower_bound`,`signal_name`,`tts`,`unit_type`) VALUES (18,'1',0,0,NULL,'24K 변전 계통',100,80,'0',20,0,'UNCPT2018$1','1',1);
INSERT INTO `device` (`device_id`,`analog`,`curr_value`,`current_status_code`,`current_status_title`,`device_name`,`high_bound`,`high_critical_point`,`in_deadband`,`low_critical_point`,`lower_bound`,`signal_name`,`tts`,`unit_type`) VALUES (19,'1',0,0,NULL,'24K 변전 계통',100,80,'0',20,0,'UNCPT2018$2','1',1);
INSERT INTO `device` (`device_id`,`analog`,`curr_value`,`current_status_code`,`current_status_title`,`device_name`,`high_bound`,`high_critical_point`,`in_deadband`,`low_critical_point`,`lower_bound`,`signal_name`,`tts`,`unit_type`) VALUES (20,'1',0,0,NULL,'24K 변전 계통',100,80,'0',20,0,'UNCPT2018$3','1',1);
INSERT INTO `device` (`device_id`,`analog`,`curr_value`,`current_status_code`,`current_status_title`,`device_name`,`high_bound`,`high_critical_point`,`in_deadband`,`low_critical_point`,`lower_bound`,`signal_name`,`tts`,`unit_type`) VALUES (21,'1',0,0,NULL,'24K 변전 계통',100,80,'0',20,0,'UNCPT2018$4','1',1);
INSERT INTO `device` (`device_id`,`analog`,`curr_value`,`current_status_code`,`current_status_title`,`device_name`,`high_bound`,`high_critical_point`,`in_deadband`,`low_critical_point`,`lower_bound`,`signal_name`,`tts`,`unit_type`) VALUES (22,'1',0,0,NULL,'24K 변전 계통',100,80,'0',20,0,'UNCPT2018$5','1',1);
INSERT INTO `device` (`device_id`,`analog`,`curr_value`,`current_status_code`,`current_status_title`,`device_name`,`high_bound`,`high_critical_point`,`in_deadband`,`low_critical_point`,`lower_bound`,`signal_name`,`tts`,`unit_type`) VALUES (23,'1',0,0,NULL,'24K 변전 계통',100,80,'0',20,0,'UNCPT2018$6','1',1);
INSERT INTO `device` (`device_id`,`analog`,`curr_value`,`current_status_code`,`current_status_title`,`device_name`,`high_bound`,`high_critical_point`,`in_deadband`,`low_critical_point`,`lower_bound`,`signal_name`,`tts`,`unit_type`) VALUES (24,'1',0,0,NULL,'24K 변전 계통',100,80,'0',20,0,'UNCPT2018$7','1',1);
INSERT INTO `device` (`device_id`,`analog`,`curr_value`,`current_status_code`,`current_status_title`,`device_name`,`high_bound`,`high_critical_point`,`in_deadband`,`low_critical_point`,`lower_bound`,`signal_name`,`tts`,`unit_type`) VALUES (25,'1',0,0,NULL,'24K 변전 계통',100,80,'0',20,0,'UNCPT2018$8','1',1);
INSERT INTO `device` (`device_id`,`analog`,`curr_value`,`current_status_code`,`current_status_title`,`device_name`,`high_bound`,`high_critical_point`,`in_deadband`,`low_critical_point`,`lower_bound`,`signal_name`,`tts`,`unit_type`) VALUES (26,'1',0,0,NULL,'24K 변전 계통',100,80,'0',20,0,'UNCPT2018$9','1',1);
INSERT INTO `device` (`device_id`,`analog`,`curr_value`,`current_status_code`,`current_status_title`,`device_name`,`high_bound`,`high_critical_point`,`in_deadband`,`low_critical_point`,`lower_bound`,`signal_name`,`tts`,`unit_type`) VALUES (27,'1',0,0,NULL,'24K 변전 계통',100,80,'0',20,0,'UNCPT2018$10','1',1);
INSERT INTO `device` (`device_id`,`analog`,`curr_value`,`current_status_code`,`current_status_title`,`device_name`,`high_bound`,`high_critical_point`,`in_deadband`,`low_critical_point`,`lower_bound`,`signal_name`,`tts`,`unit_type`) VALUES (28,'1',0,0,NULL,'128K 영상분 제어',100,80,'0',20,0,'TMR1118$1','1',1);
INSERT INTO `device` (`device_id`,`analog`,`curr_value`,`current_status_code`,`current_status_title`,`device_name`,`high_bound`,`high_critical_point`,`in_deadband`,`low_critical_point`,`lower_bound`,`signal_name`,`tts`,`unit_type`) VALUES (29,'1',0,0,NULL,'128K 영상분 제어',100,80,'0',20,0,'TMR1118$2','1',1);
INSERT INTO `device` (`device_id`,`analog`,`curr_value`,`current_status_code`,`current_status_title`,`device_name`,`high_bound`,`high_critical_point`,`in_deadband`,`low_critical_point`,`lower_bound`,`signal_name`,`tts`,`unit_type`) VALUES (30,'1',0,0,NULL,'128K 영상분 제어',100,80,'0',20,0,'TMR1118$3','1',1);
INSERT INTO `device` (`device_id`,`analog`,`curr_value`,`current_status_code`,`current_status_title`,`device_name`,`high_bound`,`high_critical_point`,`in_deadband`,`low_critical_point`,`lower_bound`,`signal_name`,`tts`,`unit_type`) VALUES (31,'1',0,0,NULL,'128K 영상분 제어',100,80,'0',20,0,'TMR1118$4','1',1);
INSERT INTO `device` (`device_id`,`analog`,`curr_value`,`current_status_code`,`current_status_title`,`device_name`,`high_bound`,`high_critical_point`,`in_deadband`,`low_critical_point`,`lower_bound`,`signal_name`,`tts`,`unit_type`) VALUES (32,'1',0,0,NULL,'128K 영상분 제어',100,80,'0',20,0,'TMR1118$5','1',1);
INSERT INTO `device` (`device_id`,`analog`,`curr_value`,`current_status_code`,`current_status_title`,`device_name`,`high_bound`,`high_critical_point`,`in_deadband`,`low_critical_point`,`lower_bound`,`signal_name`,`tts`,`unit_type`) VALUES (33,'1',0,0,NULL,'128K 영상분 제어',100,80,'0',20,0,'TMR1118$6','1',1);
INSERT INTO `device` (`device_id`,`analog`,`curr_value`,`current_status_code`,`current_status_title`,`device_name`,`high_bound`,`high_critical_point`,`in_deadband`,`low_critical_point`,`lower_bound`,`signal_name`,`tts`,`unit_type`) VALUES (34,'1',0,0,NULL,'128K 영상분 제어',100,80,'0',20,0,'TMR1118$7','1',1);
INSERT INTO `device` (`device_id`,`analog`,`curr_value`,`current_status_code`,`current_status_title`,`device_name`,`high_bound`,`high_critical_point`,`in_deadband`,`low_critical_point`,`lower_bound`,`signal_name`,`tts`,`unit_type`) VALUES (35,'1',0,0,NULL,'128K 영상분 제어',100,80,'0',20,0,'TMR1118$8','1',1);
INSERT INTO `device` (`device_id`,`analog`,`curr_value`,`current_status_code`,`current_status_title`,`device_name`,`high_bound`,`high_critical_point`,`in_deadband`,`low_critical_point`,`lower_bound`,`signal_name`,`tts`,`unit_type`) VALUES (36,'1',0,0,NULL,'128K 영상분 제어',100,80,'0',20,0,'TMR1118$9','1',1);
INSERT INTO `device` (`device_id`,`analog`,`curr_value`,`current_status_code`,`current_status_title`,`device_name`,`high_bound`,`high_critical_point`,`in_deadband`,`low_critical_point`,`lower_bound`,`signal_name`,`tts`,`unit_type`) VALUES (37,'1',0,0,NULL,'128K 영상분 제어',100,80,'0',20,0,'TMR1118$10','1',1);
INSERT INTO `device` (`device_id`,`analog`,`curr_value`,`current_status_code`,`current_status_title`,`device_name`,`high_bound`,`high_critical_point`,`in_deadband`,`low_critical_point`,`lower_bound`,`signal_name`,`tts`,`unit_type`) VALUES (38,'1',0,0,NULL,'128K 영상분 제어',100,80,'0',20,0,'UNCPT$at$1996$1','1',1);
INSERT INTO `device` (`device_id`,`analog`,`curr_value`,`current_status_code`,`current_status_title`,`device_name`,`high_bound`,`high_critical_point`,`in_deadband`,`low_critical_point`,`lower_bound`,`signal_name`,`tts`,`unit_type`) VALUES (39,'1',0,0,NULL,'128K 영상분 제어',100,80,'0',20,0,'UNCPT$at$1996$2','1',1);
INSERT INTO `device` (`device_id`,`analog`,`curr_value`,`current_status_code`,`current_status_title`,`device_name`,`high_bound`,`high_critical_point`,`in_deadband`,`low_critical_point`,`lower_bound`,`signal_name`,`tts`,`unit_type`) VALUES (40,'1',0,0,NULL,'128K 영상분 제어',100,80,'0',20,0,'UNCPT$at$1996$3','1',1);
INSERT INTO `device` (`device_id`,`analog`,`curr_value`,`current_status_code`,`current_status_title`,`device_name`,`high_bound`,`high_critical_point`,`in_deadband`,`low_critical_point`,`lower_bound`,`signal_name`,`tts`,`unit_type`) VALUES (41,'1',0,0,NULL,'128K 영상분 제어',100,80,'0',20,0,'UNCPT$at$1996$4','1',1);
INSERT INTO `device` (`device_id`,`analog`,`curr_value`,`current_status_code`,`current_status_title`,`device_name`,`high_bound`,`high_critical_point`,`in_deadband`,`low_critical_point`,`lower_bound`,`signal_name`,`tts`,`unit_type`) VALUES (42,'1',0,0,NULL,'128K 영상분 제어',100,80,'0',20,0,'UNCPT$at$1996$5','1',1);
INSERT INTO `device` (`device_id`,`analog`,`curr_value`,`current_status_code`,`current_status_title`,`device_name`,`high_bound`,`high_critical_point`,`in_deadband`,`low_critical_point`,`lower_bound`,`signal_name`,`tts`,`unit_type`) VALUES (43,'1',0,0,NULL,'128K 영상분 제어',100,80,'0',20,0,'UNCPT$at$1996$6','1',1);
INSERT INTO `device` (`device_id`,`analog`,`curr_value`,`current_status_code`,`current_status_title`,`device_name`,`high_bound`,`high_critical_point`,`in_deadband`,`low_critical_point`,`lower_bound`,`signal_name`,`tts`,`unit_type`) VALUES (44,'1',0,0,NULL,'128K 영상분 제어',100,80,'0',20,0,'UNCPT$at$1996$7','1',1);
INSERT INTO `device` (`device_id`,`analog`,`curr_value`,`current_status_code`,`current_status_title`,`device_name`,`high_bound`,`high_critical_point`,`in_deadband`,`low_critical_point`,`lower_bound`,`signal_name`,`tts`,`unit_type`) VALUES (45,'1',0,0,NULL,'128K 영상분 제어',100,80,'0',20,0,'UNCPT$at$1996$8','1',1);
INSERT INTO `device` (`device_id`,`analog`,`curr_value`,`current_status_code`,`current_status_title`,`device_name`,`high_bound`,`high_critical_point`,`in_deadband`,`low_critical_point`,`lower_bound`,`signal_name`,`tts`,`unit_type`) VALUES (46,'1',0,0,NULL,'128K 영상분 제어',100,80,'0',20,0,'UNCPT$at$1996$9','1',1);
INSERT INTO `device` (`device_id`,`analog`,`curr_value`,`current_status_code`,`current_status_title`,`device_name`,`high_bound`,`high_critical_point`,`in_deadband`,`low_critical_point`,`lower_bound`,`signal_name`,`tts`,`unit_type`) VALUES (47,'1',0,0,NULL,'128K 영상분 제어',100,80,'0',20,0,'UNCPT$at$1996$10','1',1);
INSERT INTO `device` (`device_id`,`analog`,`curr_value`,`current_status_code`,`current_status_title`,`device_name`,`high_bound`,`high_critical_point`,`in_deadband`,`low_critical_point`,`lower_bound`,`signal_name`,`tts`,`unit_type`) VALUES (48,'1',0,0,NULL,'UVD CHICKEN',100,80,'0',20,0,'ACP$at$AA$1','1',2);
INSERT INTO `device` (`device_id`,`analog`,`curr_value`,`current_status_code`,`current_status_title`,`device_name`,`high_bound`,`high_critical_point`,`in_deadband`,`low_critical_point`,`lower_bound`,`signal_name`,`tts`,`unit_type`) VALUES (49,'1',0,0,NULL,'UVD CHICKEN',100,80,'0',20,0,'ACP$at$AA$2','1',2);
INSERT INTO `device` (`device_id`,`analog`,`curr_value`,`current_status_code`,`current_status_title`,`device_name`,`high_bound`,`high_critical_point`,`in_deadband`,`low_critical_point`,`lower_bound`,`signal_name`,`tts`,`unit_type`) VALUES (50,'1',0,0,NULL,'UVD CHICKEN',100,80,'0',20,0,'ACP$at$AA$3','1',2);
INSERT INTO `device` (`device_id`,`analog`,`curr_value`,`current_status_code`,`current_status_title`,`device_name`,`high_bound`,`high_critical_point`,`in_deadband`,`low_critical_point`,`lower_bound`,`signal_name`,`tts`,`unit_type`) VALUES (51,'1',0,0,NULL,'UVD CHICKEN',100,80,'0',20,0,'ACP$at$AA$4','1',2);
INSERT INTO `device` (`device_id`,`analog`,`curr_value`,`current_status_code`,`current_status_title`,`device_name`,`high_bound`,`high_critical_point`,`in_deadband`,`low_critical_point`,`lower_bound`,`signal_name`,`tts`,`unit_type`) VALUES (52,'1',0,0,NULL,'UVD CHICKEN',100,80,'0',20,0,'ACP$at$AA$5','1',2);
INSERT INTO `device` (`device_id`,`analog`,`curr_value`,`current_status_code`,`current_status_title`,`device_name`,`high_bound`,`high_critical_point`,`in_deadband`,`low_critical_point`,`lower_bound`,`signal_name`,`tts`,`unit_type`) VALUES (53,'1',0,0,NULL,'UVD CHICKEN',100,80,'0',20,0,'ACP$at$AA$6','1',2);
INSERT INTO `device` (`device_id`,`analog`,`curr_value`,`current_status_code`,`current_status_title`,`device_name`,`high_bound`,`high_critical_point`,`in_deadband`,`low_critical_point`,`lower_bound`,`signal_name`,`tts`,`unit_type`) VALUES (54,'1',0,0,NULL,'UVD CHICKEN',100,80,'0',20,0,'ACP$at$AA$7','1',2);
INSERT INTO `device` (`device_id`,`analog`,`curr_value`,`current_status_code`,`current_status_title`,`device_name`,`high_bound`,`high_critical_point`,`in_deadband`,`low_critical_point`,`lower_bound`,`signal_name`,`tts`,`unit_type`) VALUES (55,'1',0,0,NULL,'UVD CHICKEN',100,80,'0',20,0,'ACP$at$AA$8','1',2);
INSERT INTO `device` (`device_id`,`analog`,`curr_value`,`current_status_code`,`current_status_title`,`device_name`,`high_bound`,`high_critical_point`,`in_deadband`,`low_critical_point`,`lower_bound`,`signal_name`,`tts`,`unit_type`) VALUES (56,'1',0,0,NULL,'UVD CHICKEN',100,80,'0',20,0,'ACP$at$AA$9','1',2);
INSERT INTO `device` (`device_id`,`analog`,`curr_value`,`current_status_code`,`current_status_title`,`device_name`,`high_bound`,`high_critical_point`,`in_deadband`,`low_critical_point`,`lower_bound`,`signal_name`,`tts`,`unit_type`) VALUES (57,'1',0,0,NULL,'UVD CHICKEN',100,80,'0',20,0,'ACP$at$AA$10','1',2);

INSERT INTO `status` (`status_id`,`status_key`,`status_name`,`status_order`) VALUES (1,0,'정상',1);
INSERT INTO `status` (`status_id`,`status_key`,`status_name`,`status_order`) VALUES (2,1,'이상',2);
INSERT INTO `status` (`status_id`,`status_key`,`status_name`,`status_order`) VALUES (3,0,'열림',1);
INSERT INTO `status` (`status_id`,`status_key`,`status_name`,`status_order`) VALUES (4,1,'닫힘',2);
INSERT INTO `status` (`status_id`,`status_key`,`status_name`,`status_order`) VALUES (5,2,'정상',3);
INSERT INTO `status` (`status_id`,`status_key`,`status_name`,`status_order`) VALUES (6,3,'비정상',4);
INSERT INTO `status` (`status_id`,`status_key`,`status_name`,`status_order`) VALUES (7,0,'ON',1);
INSERT INTO `status` (`status_id`,`status_key`,`status_name`,`status_order`) VALUES (8,1,'OFF',2);
INSERT INTO `status` (`status_id`,`status_key`,`status_name`,`status_order`) VALUES (9,0,'잠김',1);
INSERT INTO `status` (`status_id`,`status_key`,`status_name`,`status_order`) VALUES (10,1,'열림',2);
INSERT INTO `status` (`status_id`,`status_key`,`status_name`,`status_order`) VALUES (11,0,'정상',1);
INSERT INTO `status` (`status_id`,`status_key`,`status_name`,`status_order`) VALUES (12,1,'이상',2);
INSERT INTO `status` (`status_id`,`status_key`,`status_name`,`status_order`) VALUES (13,0,'정상',1);
INSERT INTO `status` (`status_id`,`status_key`,`status_name`,`status_order`) VALUES (14,1,'이상',2);
INSERT INTO `status` (`status_id`,`status_key`,`status_name`,`status_order`) VALUES (15,0,'열림',1);
INSERT INTO `status` (`status_id`,`status_key`,`status_name`,`status_order`) VALUES (16,1,'닫힘',2);
INSERT INTO `status` (`status_id`,`status_key`,`status_name`,`status_order`) VALUES (17,2,'정상',3);
INSERT INTO `status` (`status_id`,`status_key`,`status_name`,`status_order`) VALUES (18,3,'비정상',4);

INSERT INTO `device_statuses` (`device_device_id`,`statuses_status_id`) VALUES (1,1);
INSERT INTO `device_statuses` (`device_device_id`,`statuses_status_id`) VALUES (1,2);
INSERT INTO `device_statuses` (`device_device_id`,`statuses_status_id`) VALUES (2,3);
INSERT INTO `device_statuses` (`device_device_id`,`statuses_status_id`) VALUES (2,4);
INSERT INTO `device_statuses` (`device_device_id`,`statuses_status_id`) VALUES (2,5);
INSERT INTO `device_statuses` (`device_device_id`,`statuses_status_id`) VALUES (2,6);
INSERT INTO `device_statuses` (`device_device_id`,`statuses_status_id`) VALUES (3,7);
INSERT INTO `device_statuses` (`device_device_id`,`statuses_status_id`) VALUES (3,8);
INSERT INTO `device_statuses` (`device_device_id`,`statuses_status_id`) VALUES (4,9);
INSERT INTO `device_statuses` (`device_device_id`,`statuses_status_id`) VALUES (4,10);
INSERT INTO `device_statuses` (`device_device_id`,`statuses_status_id`) VALUES (5,11);
INSERT INTO `device_statuses` (`device_device_id`,`statuses_status_id`) VALUES (5,12);
INSERT INTO `device_statuses` (`device_device_id`,`statuses_status_id`) VALUES (6,13);
INSERT INTO `device_statuses` (`device_device_id`,`statuses_status_id`) VALUES (6,14);
INSERT INTO `device_statuses` (`device_device_id`,`statuses_status_id`) VALUES (7,15);
INSERT INTO `device_statuses` (`device_device_id`,`statuses_status_id`) VALUES (7,16);
INSERT INTO `device_statuses` (`device_device_id`,`statuses_status_id`) VALUES (7,17);
INSERT INTO `device_statuses` (`device_device_id`,`statuses_status_id`) VALUES (7,18);
